VKORG,MAKH,price
3560,A,100
3560,A,100
3550,A,100
3550,C,100
3560,D,100
3550,G,100
3560,A,100
3550,A,100
3560,D,100
3550,F,100
3560,A,100
3560,F,100
3560,A,100
3550,C,100
3550,A,100
3560,C,100
3550,F,100
3560,A,100
3550,F,100
3560,B,100
3550,O,100
3550,W,100
3550,SD,100
3560,D,100
3550,WR,100
3560,DA,100
3550,SDF,100
3550,WE,100
3560,R,100
3550,WER,100
3550,T,100
3550,ERWE,100
3550,RWE,100
3560,RWE,100
3550,ERWE,100
3560,WE,100
3550,DF,100
3560,F,100
3560,S,100
3550,S,100
3550,S,100
3560,S,100
3560,S,100
3550,S,100
3560,S,100
3560,S,100
3560,DFG,100
3560,S,100
3560,S,100
